{
    "positive": 1.0879120879120878,
    "negative": 0.45054945054945056,
    "fear": 0.3076923076923077,
    "anger": 0.31868131868131866,
    "anticipation": 0.7472527472527473,
    "trust": 0.6263736263736264,
    "surprise": 0.18681318681318682,
    "sadness": 0.37362637362637363,
    "disgust": 0.21978021978021978,
    "joy": 0.7582417582417582
}